model_name,status,rank,feature,importance,method
logistic_regression_unweighted,available,1,categorical__presenting_complaint_psychiatric problem,1.3615895119019514,coefficient
logistic_regression_unweighted,available,2,categorical__presenting_complaint_collapse faint,1.2944627480744368,coefficient
logistic_regression_unweighted,available,3,numeric__o2sat,1.225009681313414,coefficient
logistic_regression_unweighted,available,4,numeric__pain,1.161032147859127,coefficient
logistic_regression_unweighted,available,5,categorical__presenting_complaint_burn,1.100454318668826,coefficient
logistic_regression_unweighted,available,6,categorical__presenting_complaint_chest pain,1.026676748363866,coefficient
logistic_regression_unweighted,available,7,categorical__presenting_complaint_injury,0.8588481539112174,coefficient
logistic_regression_unweighted,available,8,categorical__presenting_complaint_limb pain,0.8282386009684729,coefficient
logistic_regression_unweighted,available,9,categorical__presenting_complaint_chemical injury,0.811724131780078,coefficient
logistic_regression_unweighted,available,10,categorical__presenting_complaint_deliberate self harm overdose,0.7821473440262758,coefficient
logistic_regression_unweighted,available,11,categorical__presenting_complaint_testicular pain,0.777379332120441,coefficient
logistic_regression_unweighted,available,12,categorical__presenting_complaint_rash,0.740293814555795,coefficient
logistic_regression_unweighted,available,13,categorical__presenting_complaint_nose bleed,0.689076605017452,coefficient
logistic_regression_unweighted,available,14,categorical__presenting_complaint_back pain,0.6743697775178166,coefficient
logistic_regression_unweighted,available,15,categorical__presenting_complaint_abdominal pain,0.6283858220319101,coefficient
logistic_regression_unweighted,available,16,categorical__presenting_complaint_sore throat,0.6045005167248478,coefficient
logistic_regression_unweighted,available,17,categorical__presenting_complaint_vomiting,0.5975420463323386,coefficient
logistic_regression_unweighted,available,18,categorical__presenting_complaint_dental problem,0.5737494414529021,coefficient
logistic_regression_unweighted,available,19,categorical__season_summer,0.5464239947144505,coefficient
logistic_regression_unweighted,available,20,categorical__presenting_complaint_wound,0.5298285081937828,coefficient
logistic_regression_unweighted,available,21,categorical__presenting_complaint_diarrhoea,0.5295147796192935,coefficient
logistic_regression_unweighted,available,22,categorical__season_winter,0.524713081651552,coefficient
logistic_regression_unweighted,available,23,numeric__heartrate,0.5198709136807165,coefficient
logistic_regression_unweighted,available,24,categorical__season_spring,0.5136895668575904,coefficient
logistic_regression_unweighted,available,25,categorical__time_bin_afternoon,0.5024984020500031,coefficient
logistic_regression_unweighted,available,26,categorical__season_autumn,0.48162012788650765,coefficient
logistic_regression_unweighted,available,27,categorical__time_bin_night,0.47461199798444276,coefficient
logistic_regression_unweighted,available,28,categorical__presenting_complaint_unwell adult,0.44282869410721676,coefficient
logistic_regression_unweighted,available,29,categorical__time_bin_morning,0.44084633692052627,coefficient
logistic_regression_unweighted,available,30,categorical__presenting_complaint_other,0.4288644538628777,coefficient
logistic_regression_unweighted,available,31,categorical__presenting_complaint_unwell child,0.3985697137032691,coefficient
logistic_regression_unweighted,available,32,categorical__time_bin_late night,0.38132238356903175,coefficient
logistic_regression_unweighted,available,33,categorical__presenting_complaint_neck pain,0.3769726301751888,coefficient
logistic_regression_unweighted,available,34,numeric__sbp,0.3572908336423571,coefficient
logistic_regression_unweighted,available,35,categorical__presenting_complaint_limping child,0.35666326364961826,coefficient
logistic_regression_unweighted,available,36,categorical__time_bin_evening,0.3557959446172877,coefficient
logistic_regression_unweighted,available,37,categorical__presenting_complaint_foreign body,0.3519254253917386,coefficient
logistic_regression_unweighted,available,38,categorical__presenting_complaint_fit seizure,0.33215896978562903,coefficient
logistic_regression_unweighted,available,39,categorical__time_bin_early morning,0.3081541354755787,coefficient
logistic_regression_unweighted,available,40,categorical__presenting_complaint_vomiting blood,0.3003712396799029,coefficient
logistic_regression_unweighted,available,41,categorical__presenting_complaint_eye problem,0.2757456353070837,coefficient
logistic_regression_unweighted,available,42,numeric__temperature,0.24295726817120566,coefficient
logistic_regression_unweighted,available,43,categorical__presenting_complaint_pregnancy,0.24082323618483917,coefficient
logistic_regression_unweighted,available,44,categorical__presenting_complaint_query covid 19,0.2355156993212073,coefficient
logistic_regression_unweighted,available,45,categorical__presenting_complaint_rectal bleeding,0.2312959205708837,coefficient
logistic_regression_unweighted,available,46,categorical__presenting_complaint_ear problem,0.2171137214320345,coefficient
logistic_regression_unweighted,available,47,numeric__resprate,0.20715120406327758,coefficient
logistic_regression_unweighted,available,48,categorical__presenting_complaint_breathing problem shortness of breath,0.2006031459801766,coefficient
logistic_regression_unweighted,available,49,categorical__presenting_complaint_nasal problem,0.19258317878063655,coefficient
logistic_regression_unweighted,available,50,categorical__presenting_complaint_vaginal bleeding,0.17611861468462403,coefficient
logistic_regression,available,1,categorical__presenting_complaint_burn,2.3297774317442483,coefficient
logistic_regression,available,2,categorical__presenting_complaint_psychiatric problem,2.1264790898509105,coefficient
logistic_regression,available,3,categorical__presenting_complaint_collapse faint,1.6697953443888287,coefficient
logistic_regression,available,4,categorical__presenting_complaint_limping child,1.4188595660805814,coefficient
logistic_regression,available,5,numeric__o2sat,1.299986352580121,coefficient
logistic_regression,available,6,numeric__pain,1.283774775831602,coefficient
logistic_regression,available,7,categorical__presenting_complaint_chemical injury,1.2298119003073675,coefficient
logistic_regression,available,8,categorical__presenting_complaint_deliberate self harm overdose,1.2269846714918835,coefficient
logistic_regression,available,9,categorical__presenting_complaint_nose bleed,1.17689906749865,coefficient
logistic_regression,available,10,categorical__presenting_complaint_diarrhoea,1.1303370276877653,coefficient
logistic_regression,available,11,categorical__presenting_complaint_testicular pain,1.0771577065509745,coefficient
logistic_regression,available,12,categorical__presenting_complaint_chest pain,0.9739777332663172,coefficient
logistic_regression,available,13,categorical__presenting_complaint_rash,0.9629863938597586,coefficient
logistic_regression,available,14,categorical__presenting_complaint_injury,0.9361111186592508,coefficient
logistic_regression,available,15,categorical__presenting_complaint_vomiting blood,0.8548976149832158,coefficient
logistic_regression,available,16,categorical__presenting_complaint_insects bites stings,0.844103052420618,coefficient
logistic_regression,available,17,categorical__presenting_complaint_dental problem,0.8338166446054118,coefficient
logistic_regression,available,18,categorical__presenting_complaint_neck pain,0.7877228003987088,coefficient
logistic_regression,available,19,categorical__presenting_complaint_vomiting,0.7841132921539226,coefficient
logistic_regression,available,20,categorical__presenting_complaint_sore throat,0.767939985306744,coefficient
logistic_regression,available,21,categorical__presenting_complaint_limb pain,0.7382485581115411,coefficient
logistic_regression,available,22,categorical__presenting_complaint_back pain,0.6707531798430397,coefficient
logistic_regression,available,23,categorical__presenting_complaint_unwell child,0.6404589547940336,coefficient
logistic_regression,available,24,categorical__presenting_complaint_wound,0.62250953069523,coefficient
logistic_regression,available,25,categorical__presenting_complaint_abdominal pain,0.57675154912409,coefficient
logistic_regression,available,26,categorical__presenting_complaint_fit seizure,0.5668509953727686,coefficient
logistic_regression,available,27,categorical__presenting_complaint_unwell adult,0.5449657755937894,coefficient
logistic_regression,available,28,categorical__presenting_complaint_other,0.541220810400985,coefficient
logistic_regression,available,29,categorical__presenting_complaint_foreign body,0.4916697588310168,coefficient
logistic_regression,available,30,categorical__presenting_complaint_nasal problem,0.43766008819409175,coefficient
logistic_regression,available,31,numeric__heartrate,0.4115968441488657,coefficient
logistic_regression,available,32,categorical__presenting_complaint_pregnancy,0.3836087828317358,coefficient
logistic_regression,available,33,categorical__presenting_complaint_insect bites stings,0.3690374310682767,coefficient
logistic_regression,available,34,categorical__time_bin_night,0.34136928080849754,coefficient
logistic_regression,available,35,categorical__presenting_complaint_query covid 19,0.31748382700768035,coefficient
logistic_regression,available,36,categorical__presenting_complaint_breathing problem shortness of breath,0.29437752727896044,coefficient
logistic_regression,available,37,categorical__presenting_complaint_vaginal bleeding,0.2922668389377314,coefficient
logistic_regression,available,38,categorical__time_bin_late night,0.28611733615487556,coefficient
logistic_regression,available,39,numeric__sbp,0.28594339117732853,coefficient
logistic_regression,available,40,categorical__time_bin_afternoon,0.2602309382963461,coefficient
logistic_regression,available,41,numeric__temperature,0.22256650432256164,coefficient
logistic_regression,available,42,categorical__presenting_complaint_rectal bleeding,0.2132693400782119,coefficient
logistic_regression,available,43,categorical__presenting_complaint_ear problem,0.2032346223506932,coefficient
logistic_regression,available,44,categorical__presenting_complaint_skin infection,0.19938996738451903,coefficient
logistic_regression,available,45,categorical__presenting_complaint_eye problem,0.19821484562218633,coefficient
logistic_regression,available,46,categorical__presenting_complaint_major emergency,0.1622231620180934,coefficient
logistic_regression,available,47,categorical__season_spring,0.1516638015750513,coefficient
logistic_regression,available,48,categorical__time_bin_morning,0.15096907028295617,coefficient
logistic_regression,available,49,categorical__presenting_complaint_urinary problem,0.14685599258445176,coefficient
logistic_regression,available,50,numeric__hour,0.14279756135785535,coefficient
random_forest_unweighted,unavailable,,,,
random_forest,unavailable,,,,
extra_trees,unavailable,,,,
hist_gradient_boosting,unavailable,,,,
xgboost,available,1,numeric__o2sat,0.04822370409965515,feature_importances
xgboost,available,2,numeric__pain,0.04065650701522827,feature_importances
xgboost,available,3,categorical__presenting_complaint_injury,0.03684224933385849,feature_importances
xgboost,available,4,numeric__heartrate,0.025431454181671143,feature_importances
xgboost,available,5,categorical__presenting_complaint_chest pain,0.02505067177116871,feature_importances
xgboost,available,6,numeric__temperature,0.024414855986833572,feature_importances
xgboost,available,7,categorical__presenting_complaint_psychiatric problem,0.02408221736550331,feature_importances
xgboost,available,8,numeric__resprate,0.023086819797754288,feature_importances
xgboost,available,9,categorical__presenting_complaint_burn,0.023065678775310516,feature_importances
xgboost,available,10,categorical__presenting_complaint_eye problem,0.021716933697462082,feature_importances
xgboost,available,11,categorical__presenting_complaint_unwell adult,0.0211604256182909,feature_importances
xgboost,available,12,numeric__age,0.020790474489331245,feature_importances
xgboost,available,13,categorical__presenting_complaint_limb swelling,0.019300587475299835,feature_importances
xgboost,available,14,categorical__presenting_complaint_other,0.018938157707452774,feature_importances
xgboost,available,15,categorical__presenting_complaint_skin infection,0.018441639840602875,feature_importances
xgboost,available,16,categorical__presenting_complaint_deliberate self harm overdose,0.01789689064025879,feature_importances
xgboost,available,17,categorical__presenting_complaint_abdominal pain,0.017769599333405495,feature_importances
xgboost,available,18,categorical__presenting_complaint_limb pain,0.017495254054665565,feature_importances
xgboost,available,19,numeric__sbp,0.017347298562526703,feature_importances
xgboost,available,20,categorical__presenting_complaint_breathing problem shortness of breath,0.016782132908701897,feature_importances
xgboost,available,21,categorical__presenting_complaint_nasal problem,0.016012858599424362,feature_importances
xgboost,available,22,categorical__presenting_complaint_testicular pain,0.01588962972164154,feature_importances
xgboost,available,23,categorical__presenting_complaint_unwell child,0.015879834070801735,feature_importances
xgboost,available,24,categorical__season_winter,0.015540236607193947,feature_importances
xgboost,available,25,categorical__presenting_complaint_rash,0.015500984154641628,feature_importances
xgboost,available,26,categorical__presenting_complaint_sore throat,0.01535226684063673,feature_importances
xgboost,available,27,categorical__presenting_complaint_dental problem,0.015311220660805702,feature_importances
xgboost,available,28,numeric__dbp,0.015195071697235107,feature_importances
xgboost,available,29,categorical__presenting_complaint_fit seizure,0.014749330468475819,feature_importances
xgboost,available,30,categorical__presenting_complaint_vomiting,0.014714427292346954,feature_importances
xgboost,available,31,categorical__time_bin_morning,0.01457928866147995,feature_importances
xgboost,available,32,categorical__time_bin_evening,0.014350052922964096,feature_importances
xgboost,available,33,categorical__season_spring,0.014035305939614773,feature_importances
xgboost,available,34,categorical__season_summer,0.01398483570665121,feature_importances
xgboost,available,35,numeric__month_sin,0.013872223906219006,feature_importances
xgboost,available,36,categorical__presenting_complaint_back pain,0.013786916621029377,feature_importances
xgboost,available,37,numeric__hour,0.013661487028002739,feature_importances
xgboost,available,38,numeric__hour_sin,0.013576447032392025,feature_importances
xgboost,available,39,categorical__presenting_complaint_nose bleed,0.01355649158358574,feature_importances
xgboost,available,40,numeric__month,0.013529864139854908,feature_importances
xgboost,available,41,numeric__hour_cos,0.013382544741034508,feature_importances
xgboost,available,42,categorical__presenting_complaint_urinary problem,0.01328327413648367,feature_importances
xgboost,available,43,categorical__time_bin_early morning,0.013032522052526474,feature_importances
xgboost,available,44,numeric__month_cos,0.012831169180572033,feature_importances
xgboost,available,45,categorical__presenting_complaint_pregnancy,0.012631017714738846,feature_importances
xgboost,available,46,categorical__presenting_complaint_vaginal bleeding,0.012479539029300213,feature_importances
xgboost,available,47,categorical__presenting_complaint_foreign body,0.012071272358298302,feature_importances
xgboost,available,48,categorical__time_bin_afternoon,0.012066146358847618,feature_importances
xgboost,available,49,categorical__presenting_complaint_wound,0.012041477486491203,feature_importances
xgboost,available,50,categorical__presenting_complaint_query covid 19,0.011900478042662144,feature_importances
lightgbm,available,1,numeric__resprate,19571.0,feature_importances
lightgbm,available,2,numeric__sbp,19144.0,feature_importances
lightgbm,available,3,numeric__heartrate,19034.0,feature_importances
lightgbm,available,4,numeric__dbp,18424.0,feature_importances
lightgbm,available,5,numeric__o2sat,18250.0,feature_importances
lightgbm,available,6,numeric__age,16071.0,feature_importances
lightgbm,available,7,numeric__temperature,15192.0,feature_importances
lightgbm,available,8,numeric__pain,8179.0,feature_importances
lightgbm,available,9,numeric__hour_sin,6114.0,feature_importances
lightgbm,available,10,numeric__hour,5981.0,feature_importances
lightgbm,available,11,numeric__hour_cos,5337.0,feature_importances
lightgbm,available,12,numeric__month,5224.0,feature_importances
lightgbm,available,13,numeric__month_cos,4094.0,feature_importances
lightgbm,available,14,numeric__month_sin,3674.0,feature_importances
lightgbm,available,15,categorical__presenting_complaint_unwell adult,1119.0,feature_importances
lightgbm,available,16,categorical__presenting_complaint_injury,959.0,feature_importances
lightgbm,available,17,categorical__season_spring,774.0,feature_importances
lightgbm,available,18,categorical__presenting_complaint_abdominal pain,744.0,feature_importances
lightgbm,available,19,categorical__presenting_complaint_chest pain,738.0,feature_importances
lightgbm,available,20,categorical__time_bin_afternoon,714.0,feature_importances
lightgbm,available,21,categorical__season_summer,643.0,feature_importances
lightgbm,available,22,categorical__presenting_complaint_eye problem,606.0,feature_importances
lightgbm,available,23,categorical__presenting_complaint_unwell child,605.0,feature_importances
lightgbm,available,24,categorical__season_winter,566.0,feature_importances
lightgbm,available,25,categorical__presenting_complaint_limb pain,505.0,feature_importances
lightgbm,available,26,categorical__season_autumn,502.0,feature_importances
lightgbm,available,27,categorical__presenting_complaint_breathing problem shortness of breath,489.0,feature_importances
lightgbm,available,28,categorical__time_bin_morning,478.0,feature_importances
lightgbm,available,29,categorical__presenting_complaint_back pain,371.0,feature_importances
lightgbm,available,30,categorical__presenting_complaint_psychiatric problem,322.0,feature_importances
lightgbm,available,31,categorical__time_bin_early morning,304.0,feature_importances
lightgbm,available,32,categorical__presenting_complaint_limb swelling,302.0,feature_importances
lightgbm,available,33,categorical__presenting_complaint_sore throat,278.0,feature_importances
lightgbm,available,34,categorical__presenting_complaint_urinary problem,263.0,feature_importances
lightgbm,available,35,categorical__presenting_complaint_skin infection,254.0,feature_importances
lightgbm,available,36,categorical__presenting_complaint_other,253.0,feature_importances
lightgbm,available,37,categorical__presenting_complaint_deliberate self harm overdose,247.0,feature_importances
lightgbm,available,38,categorical__presenting_complaint_vomiting,247.0,feature_importances
lightgbm,available,39,categorical__presenting_complaint_wound,247.0,feature_importances
lightgbm,available,40,categorical__presenting_complaint_ear problem,237.0,feature_importances
lightgbm,available,41,categorical__presenting_complaint_collapse faint,233.0,feature_importances
lightgbm,available,42,categorical__presenting_complaint_fit seizure,220.0,feature_importances
lightgbm,available,43,categorical__presenting_complaint_dental problem,199.0,feature_importances
lightgbm,available,44,categorical__presenting_complaint_vaginal bleeding,192.0,feature_importances
lightgbm,available,45,categorical__presenting_complaint_burn,191.0,feature_importances
lightgbm,available,46,categorical__presenting_complaint_query covid 19,189.0,feature_importances
lightgbm,available,47,categorical__presenting_complaint_rash,189.0,feature_importances
lightgbm,available,48,categorical__presenting_complaint_testicular pain,185.0,feature_importances
lightgbm,available,49,categorical__presenting_complaint_foreign body,176.0,feature_importances
lightgbm,available,50,categorical__presenting_complaint_nose bleed,170.0,feature_importances
catboost,available,1,numeric__o2sat,17.18196077303815,feature_importances
catboost,available,2,numeric__heartrate,10.600822738635431,feature_importances
catboost,available,3,numeric__resprate,10.429847667925385,feature_importances
catboost,available,4,numeric__age,10.083410373248554,feature_importances
catboost,available,5,numeric__temperature,9.338638770748199,feature_importances
catboost,available,6,numeric__pain,8.655338095821028,feature_importances
catboost,available,7,numeric__sbp,7.853075728635064,feature_importances
catboost,available,8,numeric__dbp,6.640611563110467,feature_importances
catboost,available,9,numeric__hour,2.056683499351854,feature_importances
catboost,available,10,numeric__hour_sin,1.7862152220120266,feature_importances
catboost,available,11,numeric__hour_cos,1.7383890351721087,feature_importances
catboost,available,12,numeric__month,1.7115647385871924,feature_importances
catboost,available,13,categorical__presenting_complaint_injury,1.4293477585177865,feature_importances
catboost,available,14,numeric__month_cos,1.417220048806029,feature_importances
catboost,available,15,numeric__month_sin,1.402411309038791,feature_importances
catboost,available,16,categorical__presenting_complaint_unwell adult,1.0403961835995903,feature_importances
catboost,available,17,categorical__presenting_complaint_chest pain,0.7625250815166927,feature_importances
catboost,available,18,categorical__presenting_complaint_abdominal pain,0.685020591109238,feature_importances
catboost,available,19,categorical__presenting_complaint_eye problem,0.3706629737708652,feature_importances
catboost,available,20,categorical__time_bin_afternoon,0.3425857490811703,feature_importances
catboost,available,21,categorical__presenting_complaint_breathing problem shortness of breath,0.33738145721885676,feature_importances
catboost,available,22,categorical__season_spring,0.33356854515069395,feature_importances
catboost,available,23,categorical__time_bin_morning,0.33078852579636825,feature_importances
catboost,available,24,categorical__presenting_complaint_limb pain,0.2953021103704441,feature_importances
catboost,available,25,categorical__season_summer,0.2883494297310452,feature_importances
catboost,available,26,categorical__presenting_complaint_psychiatric problem,0.2733858596648246,feature_importances
catboost,available,27,categorical__time_bin_evening,0.2707237765489698,feature_importances
catboost,available,28,categorical__presenting_complaint_unwell child,0.2629879314803715,feature_importances
catboost,available,29,categorical__season_winter,0.23001218281352606,feature_importances
catboost,available,30,categorical__season_autumn,0.18849927033210473,feature_importances
catboost,available,31,categorical__presenting_complaint_back pain,0.16432655759824322,feature_importances
catboost,available,32,categorical__presenting_complaint_limb swelling,0.1178149122968508,feature_importances
catboost,available,33,categorical__presenting_complaint_wound,0.11311180665513727,feature_importances
catboost,available,34,categorical__presenting_complaint_vomiting,0.09773570278913767,feature_importances
catboost,available,35,categorical__presenting_complaint_other,0.09179289433160595,feature_importances
catboost,available,36,categorical__presenting_complaint_urinary problem,0.08325982031545846,feature_importances
catboost,available,37,categorical__presenting_complaint_collapse faint,0.08179316423237579,feature_importances
catboost,available,38,categorical__presenting_complaint_rash,0.08114896195148102,feature_importances
catboost,available,39,categorical__presenting_complaint_testicular pain,0.06731654257703192,feature_importances
catboost,available,40,categorical__presenting_complaint_fit seizure,0.06312250162924982,feature_importances
catboost,available,41,categorical__presenting_complaint_ear problem,0.06292262524115888,feature_importances
catboost,available,42,categorical__time_bin_night,0.054961489587666695,feature_importances
catboost,available,43,categorical__presenting_complaint_skin infection,0.05394226358756963,feature_importances
catboost,available,44,categorical__presenting_complaint_sore throat,0.051519749903586695,feature_importances
catboost,available,45,categorical__presenting_complaint_deliberate self harm overdose,0.04942441088550717,feature_importances
catboost,available,46,categorical__presenting_complaint_burn,0.04759909100729569,feature_importances
catboost,available,47,categorical__time_bin_early morning,0.04642369454441569,feature_importances
catboost,available,48,categorical__presenting_complaint_foreign body,0.04370199751573139,feature_importances
catboost,available,49,categorical__presenting_complaint_dental problem,0.04287190076988372,feature_importances
catboost,available,50,categorical__presenting_complaint_nose bleed,0.03541996487913476,feature_importances
xgboost_gpu,available,1,numeric__o2sat,0.047598905861377716,feature_importances
xgboost_gpu,available,2,numeric__pain,0.039133600890636444,feature_importances
xgboost_gpu,available,3,categorical__presenting_complaint_injury,0.0348617285490036,feature_importances
xgboost_gpu,available,4,categorical__presenting_complaint_chest pain,0.024632619693875313,feature_importances
xgboost_gpu,available,5,numeric__heartrate,0.024497447535395622,feature_importances
xgboost_gpu,available,6,categorical__presenting_complaint_burn,0.02419227361679077,feature_importances
xgboost_gpu,available,7,numeric__temperature,0.02419225499033928,feature_importances
xgboost_gpu,available,8,categorical__presenting_complaint_psychiatric problem,0.02303428202867508,feature_importances
xgboost_gpu,available,9,numeric__resprate,0.022936133667826653,feature_importances
xgboost_gpu,available,10,categorical__presenting_complaint_skin infection,0.02122955396771431,feature_importances
xgboost_gpu,available,11,categorical__presenting_complaint_eye problem,0.020823491737246513,feature_importances
xgboost_gpu,available,12,categorical__presenting_complaint_deliberate self harm overdose,0.020607009530067444,feature_importances
xgboost_gpu,available,13,numeric__age,0.02032293751835823,feature_importances
xgboost_gpu,available,14,categorical__presenting_complaint_unwell adult,0.02032204531133175,feature_importances
xgboost_gpu,available,15,categorical__presenting_complaint_breathing problem shortness of breath,0.01865055412054062,feature_importances
xgboost_gpu,available,16,categorical__presenting_complaint_limb pain,0.01849493384361267,feature_importances
xgboost_gpu,available,17,categorical__presenting_complaint_abdominal pain,0.01796327531337738,feature_importances
xgboost_gpu,available,18,numeric__sbp,0.016807854175567627,feature_importances
xgboost_gpu,available,19,categorical__presenting_complaint_rash,0.016369033604860306,feature_importances
xgboost_gpu,available,20,categorical__presenting_complaint_limb swelling,0.015529023483395576,feature_importances
xgboost_gpu,available,21,categorical__presenting_complaint_unwell child,0.015505129471421242,feature_importances
xgboost_gpu,available,22,categorical__presenting_complaint_fit seizure,0.015335826203227043,feature_importances
xgboost_gpu,available,23,categorical__presenting_complaint_urinary problem,0.015291738323867321,feature_importances
xgboost_gpu,available,24,categorical__presenting_complaint_dental problem,0.015264692716300488,feature_importances
xgboost_gpu,available,25,categorical__presenting_complaint_vaginal bleeding,0.015047566033899784,feature_importances
xgboost_gpu,available,26,categorical__presenting_complaint_other,0.014957401901483536,feature_importances
xgboost_gpu,available,27,numeric__dbp,0.014870453625917435,feature_importances
xgboost_gpu,available,28,categorical__presenting_complaint_wound,0.014847948215901852,feature_importances
xgboost_gpu,available,29,categorical__presenting_complaint_sore throat,0.014718642458319664,feature_importances
xgboost_gpu,available,30,categorical__time_bin_evening,0.014705603010952473,feature_importances
xgboost_gpu,available,31,categorical__presenting_complaint_pregnancy,0.014661643654108047,feature_importances
xgboost_gpu,available,32,numeric__hour,0.014500001445412636,feature_importances
xgboost_gpu,available,33,categorical__presenting_complaint_vomiting,0.014342579059302807,feature_importances
xgboost_gpu,available,34,numeric__hour_sin,0.014289950020611286,feature_importances
xgboost_gpu,available,35,numeric__month,0.014104079455137253,feature_importances
xgboost_gpu,available,36,categorical__presenting_complaint_foreign body,0.013997873291373253,feature_importances
xgboost_gpu,available,37,categorical__presenting_complaint_back pain,0.013927268795669079,feature_importances
xgboost_gpu,available,38,numeric__hour_cos,0.013859432190656662,feature_importances
xgboost_gpu,available,39,categorical__season_winter,0.013472643680870533,feature_importances
xgboost_gpu,available,40,categorical__season_spring,0.013433720916509628,feature_importances
xgboost_gpu,available,41,numeric__month_sin,0.013300560414791107,feature_importances
xgboost_gpu,available,42,categorical__time_bin_morning,0.013155592605471611,feature_importances
xgboost_gpu,available,43,numeric__month_cos,0.013026345521211624,feature_importances
xgboost_gpu,available,44,categorical__presenting_complaint_testicular pain,0.01283265370875597,feature_importances
xgboost_gpu,available,45,categorical__time_bin_early morning,0.012526019476354122,feature_importances
xgboost_gpu,available,46,categorical__presenting_complaint_ear problem,0.012443574145436287,feature_importances
xgboost_gpu,available,47,categorical__presenting_complaint_query covid 19,0.012339646928012371,feature_importances
xgboost_gpu,available,48,categorical__season_summer,0.012146532535552979,feature_importances
xgboost_gpu,available,49,categorical__presenting_complaint_nasal problem,0.01193923968821764,feature_importances
xgboost_gpu,available,50,categorical__presenting_complaint_limping child,0.011935178190469742,feature_importances
lightgbm_gpu,available,1,numeric__resprate,32276.0,feature_importances
lightgbm_gpu,available,2,numeric__sbp,32258.0,feature_importances
lightgbm_gpu,available,3,numeric__dbp,32127.0,feature_importances
lightgbm_gpu,available,4,numeric__heartrate,32032.0,feature_importances
lightgbm_gpu,available,5,numeric__o2sat,29271.0,feature_importances
lightgbm_gpu,available,6,numeric__age,26339.0,feature_importances
lightgbm_gpu,available,7,numeric__temperature,25206.0,feature_importances
lightgbm_gpu,available,8,numeric__pain,13008.0,feature_importances
lightgbm_gpu,available,9,numeric__hour_sin,10595.0,feature_importances
lightgbm_gpu,available,10,numeric__hour_cos,9752.0,feature_importances
lightgbm_gpu,available,11,numeric__hour,8746.0,feature_importances
lightgbm_gpu,available,12,numeric__month_cos,7704.0,feature_importances
lightgbm_gpu,available,13,numeric__month,7509.0,feature_importances
lightgbm_gpu,available,14,numeric__month_sin,6987.0,feature_importances
lightgbm_gpu,available,15,categorical__presenting_complaint_unwell adult,1846.0,feature_importances
lightgbm_gpu,available,16,categorical__presenting_complaint_injury,1471.0,feature_importances
lightgbm_gpu,available,17,categorical__season_spring,1418.0,feature_importances
lightgbm_gpu,available,18,categorical__time_bin_afternoon,1310.0,feature_importances
lightgbm_gpu,available,19,categorical__presenting_complaint_abdominal pain,1168.0,feature_importances
lightgbm_gpu,available,20,categorical__presenting_complaint_chest pain,1161.0,feature_importances
lightgbm_gpu,available,21,categorical__season_summer,1137.0,feature_importances
lightgbm_gpu,available,22,categorical__presenting_complaint_eye problem,1107.0,feature_importances
lightgbm_gpu,available,23,categorical__presenting_complaint_unwell child,1032.0,feature_importances
lightgbm_gpu,available,24,categorical__season_winter,953.0,feature_importances
lightgbm_gpu,available,25,categorical__time_bin_morning,896.0,feature_importances
lightgbm_gpu,available,26,categorical__season_autumn,857.0,feature_importances
lightgbm_gpu,available,27,categorical__presenting_complaint_limb pain,815.0,feature_importances
lightgbm_gpu,available,28,categorical__presenting_complaint_breathing problem shortness of breath,784.0,feature_importances
lightgbm_gpu,available,29,categorical__presenting_complaint_back pain,528.0,feature_importances
lightgbm_gpu,available,30,categorical__presenting_complaint_limb swelling,485.0,feature_importances
lightgbm_gpu,available,31,categorical__time_bin_early morning,451.0,feature_importances
lightgbm_gpu,available,32,categorical__presenting_complaint_psychiatric problem,431.0,feature_importances
lightgbm_gpu,available,33,categorical__presenting_complaint_collapse faint,431.0,feature_importances
lightgbm_gpu,available,34,categorical__presenting_complaint_vomiting,408.0,feature_importances
lightgbm_gpu,available,35,categorical__presenting_complaint_sore throat,406.0,feature_importances
lightgbm_gpu,available,36,categorical__presenting_complaint_wound,404.0,feature_importances
lightgbm_gpu,available,37,categorical__presenting_complaint_urinary problem,391.0,feature_importances
lightgbm_gpu,available,38,categorical__time_bin_evening,391.0,feature_importances
lightgbm_gpu,available,39,categorical__presenting_complaint_deliberate self harm overdose,389.0,feature_importances
lightgbm_gpu,available,40,categorical__presenting_complaint_fit seizure,378.0,feature_importances
lightgbm_gpu,available,41,categorical__presenting_complaint_rash,346.0,feature_importances
lightgbm_gpu,available,42,categorical__presenting_complaint_nose bleed,342.0,feature_importances
lightgbm_gpu,available,43,categorical__presenting_complaint_skin infection,339.0,feature_importances
lightgbm_gpu,available,44,categorical__time_bin_night,336.0,feature_importances
lightgbm_gpu,available,45,categorical__presenting_complaint_other,332.0,feature_importances
lightgbm_gpu,available,46,categorical__presenting_complaint_ear problem,329.0,feature_importances
lightgbm_gpu,available,47,categorical__presenting_complaint_foreign body,262.0,feature_importances
lightgbm_gpu,available,48,categorical__presenting_complaint_query covid 19,260.0,feature_importances
lightgbm_gpu,available,49,categorical__presenting_complaint_dental problem,255.0,feature_importances
lightgbm_gpu,available,50,categorical__presenting_complaint_vaginal bleeding,246.0,feature_importances
catboost_gpu,available,1,numeric__o2sat,14.440119042627664,feature_importances
catboost_gpu,available,2,numeric__resprate,10.114111236787338,feature_importances
catboost_gpu,available,3,numeric__age,10.046983623154944,feature_importances
catboost_gpu,available,4,numeric__heartrate,9.686052446308032,feature_importances
catboost_gpu,available,5,numeric__temperature,9.41431024416925,feature_importances
catboost_gpu,available,6,numeric__sbp,7.824689583613966,feature_importances
catboost_gpu,available,7,numeric__pain,7.618035070895442,feature_importances
catboost_gpu,available,8,numeric__dbp,7.03090264052865,feature_importances
catboost_gpu,available,9,numeric__hour_sin,2.8608759894291467,feature_importances
catboost_gpu,available,10,numeric__hour_cos,2.6163032249152876,feature_importances
catboost_gpu,available,11,numeric__month,2.367759082755345,feature_importances
catboost_gpu,available,12,numeric__hour,2.2166424515909258,feature_importances
catboost_gpu,available,13,numeric__month_sin,1.9934407468808168,feature_importances
catboost_gpu,available,14,numeric__month_cos,1.7898717717864256,feature_importances
catboost_gpu,available,15,categorical__presenting_complaint_injury,1.20293424492695,feature_importances
catboost_gpu,available,16,categorical__presenting_complaint_unwell adult,1.1859026787422449,feature_importances
catboost_gpu,available,17,categorical__presenting_complaint_abdominal pain,0.6343086089095938,feature_importances
catboost_gpu,available,18,categorical__season_spring,0.5860232104367549,feature_importances
catboost_gpu,available,19,categorical__presenting_complaint_chest pain,0.5858404014963192,feature_importances
catboost_gpu,available,20,categorical__season_summer,0.5174784018621911,feature_importances
catboost_gpu,available,21,categorical__time_bin_afternoon,0.5132444974503739,feature_importances
catboost_gpu,available,22,categorical__time_bin_morning,0.43000506827669854,feature_importances
catboost_gpu,available,23,categorical__presenting_complaint_unwell child,0.4199458624947928,feature_importances
catboost_gpu,available,24,categorical__presenting_complaint_eye problem,0.40973604701956506,feature_importances
catboost_gpu,available,25,categorical__season_winter,0.361586286714189,feature_importances
catboost_gpu,available,26,categorical__season_autumn,0.30764994745094315,feature_importances
catboost_gpu,available,27,categorical__presenting_complaint_limb pain,0.28939079520185595,feature_importances
catboost_gpu,available,28,categorical__presenting_complaint_breathing problem shortness of breath,0.28703886058247025,feature_importances
catboost_gpu,available,29,categorical__time_bin_evening,0.26045499702092917,feature_importances
catboost_gpu,available,30,categorical__presenting_complaint_back pain,0.19039302186956708,feature_importances
catboost_gpu,available,31,categorical__presenting_complaint_psychiatric problem,0.1550481943708997,feature_importances
catboost_gpu,available,32,categorical__presenting_complaint_wound,0.14582152952524782,feature_importances
catboost_gpu,available,33,categorical__presenting_complaint_urinary problem,0.1134156352591346,feature_importances
catboost_gpu,available,34,categorical__presenting_complaint_collapse faint,0.10232103056496636,feature_importances
catboost_gpu,available,35,categorical__presenting_complaint_limb swelling,0.09821113878734335,feature_importances
catboost_gpu,available,36,categorical__time_bin_early morning,0.09576423897921121,feature_importances
catboost_gpu,available,37,categorical__presenting_complaint_vomiting,0.09386314000393609,feature_importances
catboost_gpu,available,38,categorical__presenting_complaint_other,0.09202974860491894,feature_importances
catboost_gpu,available,39,categorical__presenting_complaint_rash,0.07944768579375125,feature_importances
catboost_gpu,available,40,categorical__presenting_complaint_ear problem,0.07253086118559184,feature_importances
catboost_gpu,available,41,categorical__time_bin_night,0.06457677512543002,feature_importances
catboost_gpu,available,42,categorical__presenting_complaint_sore throat,0.06122961490761135,feature_importances
catboost_gpu,available,43,categorical__presenting_complaint_deliberate self harm overdose,0.0567174173093585,feature_importances
catboost_gpu,available,44,categorical__presenting_complaint_fit seizure,0.05632323359473652,feature_importances
catboost_gpu,available,45,categorical__presenting_complaint_burn,0.051304958101805395,feature_importances
catboost_gpu,available,46,categorical__presenting_complaint_skin infection,0.051037675966660825,feature_importances
catboost_gpu,available,47,categorical__presenting_complaint_testicular pain,0.04523473493214872,feature_importances
catboost_gpu,available,48,categorical__time_bin_late night,0.04380366685869569,feature_importances
catboost_gpu,available,49,categorical__presenting_complaint_foreign body,0.04247444398396689,feature_importances
catboost_gpu,available,50,categorical__presenting_complaint_query covid 19,0.035146524514282074,feature_importances
structured_logistic_smote,available,1,categorical__presenting_complaint_psychiatric problem,1.8279736019486992,coefficient
structured_logistic_smote,available,2,numeric__o2sat,1.812380705307396,coefficient
structured_logistic_smote,available,3,categorical__presenting_complaint_sore throat,1.5763650211423297,coefficient
structured_logistic_smote,available,4,categorical__presenting_complaint_burn,1.3558865978328705,coefficient
structured_logistic_smote,available,5,categorical__presenting_complaint_injury,1.3195606410911507,coefficient
structured_logistic_smote,available,6,categorical__presenting_complaint_vomiting,1.3018078745783215,coefficient
structured_logistic_smote,available,7,categorical__presenting_complaint_rash,1.2123987127535638,coefficient
structured_logistic_smote,available,8,categorical__presenting_complaint_testicular pain,1.1257605429620847,coefficient
structured_logistic_smote,available,9,categorical__presenting_complaint_collapse faint,1.0935002895939816,coefficient
structured_logistic_smote,available,10,numeric__pain,1.0539891577663614,coefficient
structured_logistic_smote,available,11,categorical__presenting_complaint_chest pain,1.0460904733346341,coefficient
structured_logistic_smote,available,12,categorical__presenting_complaint_abdominal pain,1.0339194650396888,coefficient
structured_logistic_smote,available,13,categorical__presenting_complaint_query covid 19,1.0006010029107208,coefficient
structured_logistic_smote,available,14,categorical__presenting_complaint_unwell adult,0.9451215023851799,coefficient
structured_logistic_smote,available,15,categorical__presenting_complaint_eye problem,0.9033468266373162,coefficient
structured_logistic_smote,available,16,categorical__presenting_complaint_ear problem,0.8842517992119114,coefficient
structured_logistic_smote,available,17,categorical__presenting_complaint_vomiting blood,0.7932784911280134,coefficient
structured_logistic_smote,available,18,categorical__presenting_complaint_limb pain,0.763639959253766,coefficient
structured_logistic_smote,available,19,categorical__presenting_complaint_skin infection,0.7535249980950417,coefficient
structured_logistic_smote,available,20,categorical__presenting_complaint_nose bleed,0.7463075694319862,coefficient
structured_logistic_smote,available,21,categorical__presenting_complaint_deliberate self harm overdose,0.7307177131331022,coefficient
structured_logistic_smote,available,22,categorical__presenting_complaint_wound,0.7028654717523662,coefficient
structured_logistic_smote,available,23,categorical__presenting_complaint_diarrhoea,0.6986241715911944,coefficient
structured_logistic_smote,available,24,categorical__presenting_complaint_unwell child,0.6924697711156697,coefficient
structured_logistic_smote,available,25,categorical__presenting_complaint_pregnancy,0.6771057002330678,coefficient
structured_logistic_smote,available,26,categorical__presenting_complaint_foreign body,0.6653028523722216,coefficient
structured_logistic_smote,available,27,categorical__presenting_complaint_breathing problem shortness of breath,0.6492335092226337,coefficient
structured_logistic_smote,available,28,categorical__presenting_complaint_insects bites stings,0.6431364308881823,coefficient
structured_logistic_smote,available,29,categorical__presenting_complaint_vaginal bleeding,0.6022528010052112,coefficient
structured_logistic_smote,available,30,categorical__presenting_complaint_neck pain,0.5877977497457835,coefficient
structured_logistic_smote,available,31,categorical__presenting_complaint_limping child,0.5641517554701899,coefficient
structured_logistic_smote,available,32,categorical__presenting_complaint_back pain,0.5441853516659605,coefficient
structured_logistic_smote,available,33,categorical__presenting_complaint_nasal problem,0.5017620985179502,coefficient
structured_logistic_smote,available,34,categorical__presenting_complaint_other,0.47404322909476204,coefficient
structured_logistic_smote,available,35,categorical__presenting_complaint_chemical injury,0.47230984802819126,coefficient
structured_logistic_smote,available,36,numeric__heartrate,0.4510068176900385,coefficient
structured_logistic_smote,available,37,categorical__presenting_complaint_rectal bleeding,0.44314288635643223,coefficient
structured_logistic_smote,available,38,categorical__time_bin_night,0.42745518072881433,coefficient
structured_logistic_smote,available,39,categorical__time_bin_late night,0.3942574855096142,coefficient
structured_logistic_smote,available,40,categorical__presenting_complaint_dental problem,0.3493400836783309,coefficient
structured_logistic_smote,available,41,categorical__presenting_complaint_fit seizure,0.3368698233489753,coefficient
structured_logistic_smote,available,42,numeric__temperature,0.30075158735330154,coefficient
structured_logistic_smote,available,43,categorical__season_summer,0.3005053192985157,coefficient
structured_logistic_smote,available,44,categorical__time_bin_afternoon,0.29668979330455386,coefficient
structured_logistic_smote,available,45,categorical__season_autumn,0.281000047400478,coefficient
structured_logistic_smote,available,46,numeric__sbp,0.2757494490112028,coefficient
structured_logistic_smote,available,47,categorical__presenting_complaint_limb swelling,0.27473960010466697,coefficient
structured_logistic_smote,available,48,categorical__time_bin_early morning,0.26370532498980426,coefficient
structured_logistic_smote,available,49,categorical__season_spring,0.2579401328400511,coefficient
structured_logistic_smote,available,50,categorical__time_bin_morning,0.24237964798827977,coefficient
structured_xgboost_smote,available,1,numeric__o2sat,0.07614608108997345,feature_importances
structured_xgboost_smote,available,2,numeric__temperature,0.06188134104013443,feature_importances
structured_xgboost_smote,available,3,numeric__pain,0.046908359974622726,feature_importances
structured_xgboost_smote,available,4,categorical__presenting_complaint_injury,0.04363492876291275,feature_importances
structured_xgboost_smote,available,5,categorical__presenting_complaint_chest pain,0.03259923309087753,feature_importances
structured_xgboost_smote,available,6,categorical__presenting_complaint_eye problem,0.03184744715690613,feature_importances
structured_xgboost_smote,available,7,categorical__presenting_complaint_unwell adult,0.031606610864400864,feature_importances
structured_xgboost_smote,available,8,categorical__presenting_complaint_abdominal pain,0.02794697694480419,feature_importances
structured_xgboost_smote,available,9,categorical__presenting_complaint_psychiatric problem,0.026006124913692474,feature_importances
structured_xgboost_smote,available,10,categorical__presenting_complaint_vomiting,0.023828115314245224,feature_importances
structured_xgboost_smote,available,11,numeric__resprate,0.0236679557710886,feature_importances
structured_xgboost_smote,available,12,numeric__heartrate,0.023064251989126205,feature_importances
structured_xgboost_smote,available,13,categorical__presenting_complaint_unwell child,0.022730110213160515,feature_importances
structured_xgboost_smote,available,14,categorical__presenting_complaint_rash,0.0221352931112051,feature_importances
structured_xgboost_smote,available,15,categorical__presenting_complaint_limb pain,0.02195579931139946,feature_importances
structured_xgboost_smote,available,16,numeric__age,0.019909342750906944,feature_importances
structured_xgboost_smote,available,17,categorical__presenting_complaint_ear problem,0.016859909519553185,feature_importances
structured_xgboost_smote,available,18,categorical__presenting_complaint_deliberate self harm overdose,0.016729939728975296,feature_importances
structured_xgboost_smote,available,19,numeric__sbp,0.016216283664107323,feature_importances
structured_xgboost_smote,available,20,categorical__time_bin_evening,0.015258906409144402,feature_importances
structured_xgboost_smote,available,21,categorical__presenting_complaint_back pain,0.015102101489901543,feature_importances
structured_xgboost_smote,available,22,categorical__presenting_complaint_breathing problem shortness of breath,0.014798762276768684,feature_importances
structured_xgboost_smote,available,23,categorical__season_winter,0.0146398413926363,feature_importances
structured_xgboost_smote,available,24,categorical__presenting_complaint_wound,0.014284572564065456,feature_importances
structured_xgboost_smote,available,25,numeric__month_sin,0.013993233442306519,feature_importances
structured_xgboost_smote,available,26,numeric__month,0.01383776031434536,feature_importances
structured_xgboost_smote,available,27,numeric__month_cos,0.013377521187067032,feature_importances
structured_xgboost_smote,available,28,numeric__dbp,0.013222984038293362,feature_importances
structured_xgboost_smote,available,29,categorical__presenting_complaint_limb swelling,0.013047030195593834,feature_importances
structured_xgboost_smote,available,30,categorical__season_autumn,0.012992534786462784,feature_importances
structured_xgboost_smote,available,31,categorical__season_summer,0.012720299884676933,feature_importances
structured_xgboost_smote,available,32,numeric__hour,0.012620090506970882,feature_importances
structured_xgboost_smote,available,33,categorical__presenting_complaint_query covid 19,0.012378587387502193,feature_importances
structured_xgboost_smote,available,34,numeric__hour_sin,0.012262919917702675,feature_importances
structured_xgboost_smote,available,35,numeric__hour_cos,0.012096505612134933,feature_importances
structured_xgboost_smote,available,36,categorical__time_bin_afternoon,0.011813403107225895,feature_importances
structured_xgboost_smote,available,37,categorical__presenting_complaint_other,0.011681611649692059,feature_importances
structured_xgboost_smote,available,38,categorical__presenting_complaint_urinary problem,0.011659253388643265,feature_importances
structured_xgboost_smote,available,39,categorical__season_spring,0.011083554476499557,feature_importances
structured_xgboost_smote,available,40,categorical__presenting_complaint_fit seizure,0.011015298776328564,feature_importances
structured_xgboost_smote,available,41,categorical__time_bin_morning,0.010766210034489632,feature_importances
structured_xgboost_smote,available,42,categorical__presenting_complaint_collapse faint,0.010544314049184322,feature_importances
structured_xgboost_smote,available,43,categorical__presenting_complaint_foreign body,0.009788529016077518,feature_importances
structured_xgboost_smote,available,44,categorical__presenting_complaint_sore throat,0.009400222450494766,feature_importances
structured_xgboost_smote,available,45,categorical__presenting_complaint_skin infection,0.009126895107328892,feature_importances
structured_xgboost_smote,available,46,categorical__presenting_complaint_nose bleed,0.00861993245780468,feature_importances
structured_xgboost_smote,available,47,categorical__presenting_complaint_burn,0.008562159724533558,feature_importances
structured_xgboost_smote,available,48,categorical__presenting_complaint_testicular pain,0.008307099342346191,feature_importances
structured_xgboost_smote,available,49,categorical__presenting_complaint_rectal bleeding,0.007142078597098589,feature_importances
structured_xgboost_smote,available,50,categorical__presenting_complaint_dental problem,0.007030468434095383,feature_importances
raw_tfidf_word_char_logistic,available,1,numeric__pain,1.2679462924101712,coefficient
raw_tfidf_word_char_logistic,available,2,numeric__o2sat,1.0383101649943698,coefficient
raw_tfidf_word_char_logistic,available,3,complaint_word__burn,0.8012251421367984,coefficient
raw_tfidf_word_char_logistic,available,4,complaint_word__psychiatric problem,0.7923827155662897,coefficient
raw_tfidf_word_char_logistic,available,5,complaint_word__psychiatric,0.7923827155662897,coefficient
raw_tfidf_word_char_logistic,available,6,categorical__time_bin_late night,0.5193929856839852,coefficient
raw_tfidf_word_char_logistic,available,7,complaint_word__faint,0.5012692195713345,coefficient
raw_tfidf_word_char_logistic,available,8,complaint_word__collapse faint,0.5012692195713345,coefficient
raw_tfidf_word_char_logistic,available,9,complaint_word__collapse,0.5012692195713345,coefficient
raw_tfidf_word_char_logistic,available,10,complaint_word__rash,0.4632326487833153,coefficient
raw_tfidf_word_char_logistic,available,11,complaint_word__pain,0.4302229479341879,coefficient
raw_tfidf_word_char_logistic,available,12,complaint_word__injury,0.4198057631456673,coefficient
raw_tfidf_word_char_logistic,available,13,categorical__time_bin_early morning,0.4191593436395546,coefficient
raw_tfidf_word_char_logistic,available,14,numeric__temperature,0.413399010771597,coefficient
raw_tfidf_word_char_logistic,available,15,complaint_word__dental problem,0.3835112603599972,coefficient
raw_tfidf_word_char_logistic,available,16,complaint_word__dental,0.3835112603599972,coefficient
raw_tfidf_word_char_logistic,available,17,complaint_word__diarrhoea,0.37341621490922283,coefficient
raw_tfidf_word_char_logistic,available,18,numeric__heartrate,0.3594850263979299,coefficient
raw_tfidf_word_char_logistic,available,19,complaint_word__nose,0.3585942143449325,coefficient
raw_tfidf_word_char_logistic,available,20,complaint_word__bleed,0.3585942143449325,coefficient
raw_tfidf_word_char_logistic,available,21,complaint_word__nose bleed,0.3585942143449325,coefficient
raw_tfidf_word_char_logistic,available,22,complaint_word__testicular pain,0.34861111917020116,coefficient
raw_tfidf_word_char_logistic,available,23,complaint_word__testicular,0.34861111917020116,coefficient
raw_tfidf_word_char_logistic,available,24,complaint_word__wound,0.33986006915214273,coefficient
raw_tfidf_word_char_logistic,available,25,complaint_word__vomiting,0.33808686073976935,coefficient
raw_tfidf_word_char_logistic,available,26,categorical__season_autumn,0.3370410383636452,coefficient
raw_tfidf_word_char_logistic,available,27,numeric__sbp,0.3306778661084711,coefficient
raw_tfidf_word_char_logistic,available,28,categorical__time_bin_night,0.32007620130701203,coefficient
raw_tfidf_word_char_logistic,available,29,complaint_char__se ,0.30794496440617936,coefficient
raw_tfidf_word_char_logistic,available,30,categorical__season_spring,0.30357383997907195,coefficient
raw_tfidf_word_char_logistic,available,31,complaint_word__sore,0.2794513919222908,coefficient
raw_tfidf_word_char_logistic,available,32,complaint_word__throat,0.2794513919222908,coefficient
raw_tfidf_word_char_logistic,available,33,complaint_word__sore throat,0.2794513919222908,coefficient
raw_tfidf_word_char_logistic,available,34,complaint_word__other,0.2776808842645366,coefficient
raw_tfidf_word_char_logistic,available,35,complaint_char__urn,0.26707504737965165,coefficient
raw_tfidf_word_char_logistic,available,36,complaint_char__bur,0.26707504737965165,coefficient
raw_tfidf_word_char_logistic,available,37,complaint_char__ bu,0.26707504737965165,coefficient
raw_tfidf_word_char_logistic,available,38,complaint_char__ bur,0.26707504737965165,coefficient
raw_tfidf_word_char_logistic,available,39,complaint_char__burn,0.26707504737965165,coefficient
raw_tfidf_word_char_logistic,available,40,complaint_char__rn ,0.26707504737965165,coefficient
raw_tfidf_word_char_logistic,available,41,complaint_char__ burn,0.26707504737965165,coefficient
raw_tfidf_word_char_logistic,available,42,complaint_char__burn ,0.26707504737965165,coefficient
raw_tfidf_word_char_logistic,available,43,complaint_char__urn ,0.26707504737965165,coefficient
raw_tfidf_word_char_logistic,available,44,complaint_word__vomiting blood,0.2461292824643536,coefficient
raw_tfidf_word_char_logistic,available,45,complaint_word__blood,0.2461292824643536,coefficient
raw_tfidf_word_char_logistic,available,46,complaint_word__neck pain,0.24277184473488972,coefficient
raw_tfidf_word_char_logistic,available,47,complaint_word__neck,0.24277184473488972,coefficient
raw_tfidf_word_char_logistic,available,48,categorical__season_winter,0.23637460335951518,coefficient
raw_tfidf_word_char_logistic,available,49,complaint_word__deliberate,0.23477095554763142,coefficient
raw_tfidf_word_char_logistic,available,50,complaint_word__deliberate self,0.23477095554763142,coefficient
raw_tfidf_word_char_sgd_logistic,available,1,numeric__pain,5.572784447920181,coefficient
raw_tfidf_word_char_sgd_logistic,available,2,numeric__o2sat,4.443778430741746,coefficient
raw_tfidf_word_char_sgd_logistic,available,3,complaint_word__burn,3.664954662515627,coefficient
raw_tfidf_word_char_sgd_logistic,available,4,complaint_word__psychiatric problem,3.5052416230324916,coefficient
raw_tfidf_word_char_sgd_logistic,available,5,complaint_word__psychiatric,3.5052416230324916,coefficient
raw_tfidf_word_char_sgd_logistic,available,6,complaint_word__injury,2.2442649171668934,coefficient
raw_tfidf_word_char_sgd_logistic,available,7,complaint_word__rash,2.225838605535713,coefficient
raw_tfidf_word_char_sgd_logistic,available,8,numeric__sbp,2.1816658751056712,coefficient
raw_tfidf_word_char_sgd_logistic,available,9,complaint_word__collapse faint,2.1813966408069425,coefficient
raw_tfidf_word_char_sgd_logistic,available,10,complaint_word__faint,2.1813966408069425,coefficient
raw_tfidf_word_char_sgd_logistic,available,11,complaint_word__collapse,2.1813966408069425,coefficient
raw_tfidf_word_char_sgd_logistic,available,12,complaint_word__pain,2.028482080245072,coefficient
raw_tfidf_word_char_sgd_logistic,available,13,numeric__heartrate,2.016230876429592,coefficient
raw_tfidf_word_char_sgd_logistic,available,14,categorical__time_bin_early morning,1.8314832064307829,coefficient
raw_tfidf_word_char_sgd_logistic,available,15,numeric__temperature,1.8172766827657751,coefficient
raw_tfidf_word_char_sgd_logistic,available,16,categorical__time_bin_night,1.7373008596564627,coefficient
raw_tfidf_word_char_sgd_logistic,available,17,complaint_word__wound,1.7001126587210988,coefficient
raw_tfidf_word_char_sgd_logistic,available,18,complaint_word__dental problem,1.621739621410462,coefficient
raw_tfidf_word_char_sgd_logistic,available,19,complaint_word__dental,1.621739621410462,coefficient
raw_tfidf_word_char_sgd_logistic,available,20,categorical__time_bin_late night,1.617075845963486,coefficient
raw_tfidf_word_char_sgd_logistic,available,21,complaint_word__diarrhoea,1.5691727771585855,coefficient
raw_tfidf_word_char_sgd_logistic,available,22,complaint_word__sore,1.5469463366690714,coefficient
raw_tfidf_word_char_sgd_logistic,available,23,complaint_word__sore throat,1.5469463366690714,coefficient
raw_tfidf_word_char_sgd_logistic,available,24,complaint_word__throat,1.5469463366690714,coefficient
raw_tfidf_word_char_sgd_logistic,available,25,complaint_word__vomiting,1.4517846578117792,coefficient
raw_tfidf_word_char_sgd_logistic,available,26,complaint_word__testicular pain,1.3757267720448145,coefficient
raw_tfidf_word_char_sgd_logistic,available,27,complaint_word__testicular,1.3757267720448145,coefficient
raw_tfidf_word_char_sgd_logistic,available,28,complaint_word__blood,1.2849435684561044,coefficient
raw_tfidf_word_char_sgd_logistic,available,29,complaint_word__vomiting blood,1.2849435684561044,coefficient
raw_tfidf_word_char_sgd_logistic,available,30,categorical__season_autumn,1.2644334688992283,coefficient
raw_tfidf_word_char_sgd_logistic,available,31,complaint_word__body,1.2532063584194497,coefficient
raw_tfidf_word_char_sgd_logistic,available,32,complaint_word__foreign body,1.2532063584194497,coefficient
raw_tfidf_word_char_sgd_logistic,available,33,complaint_word__foreign,1.2532063584194497,coefficient
raw_tfidf_word_char_sgd_logistic,available,34,complaint_word__unwell,1.237204551425661,coefficient
raw_tfidf_word_char_sgd_logistic,available,35,complaint_word__neck,1.2246808001824498,coefficient
raw_tfidf_word_char_sgd_logistic,available,36,complaint_word__neck pain,1.2246808001824498,coefficient
raw_tfidf_word_char_sgd_logistic,available,37,complaint_char__se ,1.2223255463855398,coefficient
raw_tfidf_word_char_sgd_logistic,available,38,numeric__resprate,1.1815204036928497,coefficient
raw_tfidf_word_char_sgd_logistic,available,39,complaint_word__bleed,1.1792370324136092,coefficient
raw_tfidf_word_char_sgd_logistic,available,40,complaint_word__nose,1.1792370324136092,coefficient
raw_tfidf_word_char_sgd_logistic,available,41,complaint_word__nose bleed,1.1792370324136092,coefficient
raw_tfidf_word_char_sgd_logistic,available,42,complaint_char__urn,1.1040021902933035,coefficient
raw_tfidf_word_char_sgd_logistic,available,43,complaint_char__burn,1.1040021902933035,coefficient
raw_tfidf_word_char_sgd_logistic,available,44,complaint_char__burn ,1.1040021902933035,coefficient
raw_tfidf_word_char_sgd_logistic,available,45,complaint_char__urn ,1.1040021902933035,coefficient
raw_tfidf_word_char_sgd_logistic,available,46,complaint_char__bur,1.1040021902933035,coefficient
raw_tfidf_word_char_sgd_logistic,available,47,complaint_char__rn ,1.1040021902933035,coefficient
raw_tfidf_word_char_sgd_logistic,available,48,complaint_char__ bu,1.1040021902933035,coefficient
raw_tfidf_word_char_sgd_logistic,available,49,complaint_char__ bur,1.1040021902933035,coefficient
raw_tfidf_word_char_sgd_logistic,available,50,complaint_char__ burn,1.1040021902933035,coefficient
raw_tfidf_word_char_linear_svm,unavailable,,,,
raw_tfidf_svd_xgboost,not_directly_interpretable,,,,
raw_tfidf_svd_lightgbm,not_directly_interpretable,,,,
raw_tfidf_svd_catboost,not_directly_interpretable,,,,
raw_tfidf_svd_xgboost_smote,not_directly_interpretable,,,,
raw_tfidf_svd_lightgbm_smote,not_directly_interpretable,,,,
raw_tfidf_svd_catboost_smote,not_directly_interpretable,,,,
