model_seed,split_seed,split_assignment_sha256,rank,passes_selection_constraint,imbalance_strategy,class_weight_mode,sampler,model_name,high_acuity_recall,acuity1_recall,severe_under_triage_rate,under_triage_rate,over_triage_rate,specificity,high_acuity_precision,high_acuity_f1,predicted_urgent_rate,accuracy,balanced_accuracy,macro_f1,weighted_f1,matthews_corrcoef,cohen_kappa,log_loss,auroc,pr_auc,brier_mean,selected_decision_rule_type,decision_rule_tuned_on,train_seconds,infer_seconds,class_1_precision,class_1_recall,class_1_f1,class_1_support,class_2_precision,class_2_recall,class_2_f1,class_2_support,class_3_precision,class_3_recall,class_3_f1,class_3_support,class_4_precision,class_4_recall,class_4_f1,class_4_support,class_5_precision,class_5_recall,class_5_f1,class_5_support
42,42,498990bd6b0246b4842ccbc4c014d4b021de94c56ddd077c65b457d8c5a079d5,1,True,class_weight_balanced,balanced,,catboost,0.9591996026396084,0.8340425531914893,6.862475981334065e-05,0.011820614877847928,0.7459597172659895,0.22348681977599275,0.28259051760180615,0.43656445284115675,0.8206835026077409,0.2422196678561625,0.2980250810776863,0.12354755243531146,0.2708697418750006,-0.03819165118745225,-0.026872168735309954,1.1685755020507975,0.8033948534803397,0.6316477025812499,0.13243874040266185,ordinal_cost_sensitive,validation,111.176,3.655,0.014714162381291994,0.8340425531914893,0.028918151303898788,470,0.18090423143225506,0.45057006783085585,0.258157875696404,27716,0.7393307468477207,0.19249709581291985,0.3054620501723171,79196,0.39436619718309857,0.013015688553166763,0.02519968500393745,8605,0.0,0.0,0.0,589
42,42,498990bd6b0246b4842ccbc4c014d4b021de94c56ddd077c65b457d8c5a079d5,2,False,class_weight_balanced,balanced,,random_forest,0.9985098985311857,0.0,0.0,0.0043919846280538015,0.7436007411474059,0.024459780518158163,0.24607421396845383,0.3948428008249274,0.9810938786714246,0.2520072742245402,0.20400017360211212,0.08628011377383597,0.12105431560962734,0.04443664050411169,0.007836370840177853,0.7152014661771727,0.7978355679904924,0.616329032163321,0.08036659864952427,high_acuity_threshold,validation,189.116,9.271,0.0,0.0,0.0,470,0.24196481656349456,0.9984846298167124,0.389533247001858,27716,0.7731397459165155,0.021516238193848174,0.041867321867321866,79196,0.0,0.0,0.0,8605,0.0,0.0,0.0,589
42,42,498990bd6b0246b4842ccbc4c014d4b021de94c56ddd077c65b457d8c5a079d5,3,False,unbalanced,,,hist_gradient_boosting,0.9972681473071737,0.02127659574468085,0.0004632171287400494,0.005121122701070546,0.7392773812791655,0.033567145604706417,0.2475865835183032,0.39668919967823424,0.9738882788910239,0.25560149601976395,0.20898278481950613,0.09501978335992656,0.13019904009170513,0.045031569652145234,0.009746665633078577,0.6996709843568714,0.8052177636641865,0.6281100783521095,0.0792130514794695,high_acuity_threshold,validation,93.236,11.167,0.03571428571428571,0.02127659574468085,0.02666666666666667,470,0.24314802387595805,0.993541636599798,0.3906844106463878,27716,0.7580047185709471,0.02839789888378201,0.05474483648357533,79196,0.0,0.0,0.0,8605,0.012987012987012988,0.001697792869269949,0.003003003003003003,589
42,42,498990bd6b0246b4842ccbc4c014d4b021de94c56ddd077c65b457d8c5a079d5,4,False,unbalanced,,,random_forest_unweighted,0.9957780458383595,0.0,0.0,0.005052497941257205,0.7321918748284381,0.04354564996040276,0.2492451690821256,0.39869596715769134,0.965962119132583,0.2627556272303047,0.2068240102818597,0.09330121215635331,0.14308475205645899,0.05637690655954817,0.013355041437943416,0.7067106872254704,0.8019193414294021,0.6241375277586432,0.07970588894560134,high_acuity_threshold,validation,228.101,10.026,0.0,0.0,0.0,470,0.24507139812446718,0.9957064511473517,0.39333257318776543,27716,0.7645576002016637,0.03829738875700793,0.07294109159121244,79196,1.0,0.00011621150493898897,0.00023239600278875203,8605,0.0,0.0,0.0,589
42,42,498990bd6b0246b4842ccbc4c014d4b021de94c56ddd077c65b457d8c5a079d5,5,False,class_weight_balanced,balanced,,extra_trees,0.9936848080607393,0.0,2.5734284930002747e-05,0.005627230304693934,0.7358375651935218,0.03699513519628917,0.24757796478325436,0.39639384632803537,0.9704227285204502,0.25853520450178424,0.20529734676104572,0.0909097167876211,0.13583691770878206,0.04727944102940908,0.010476559301954902,0.7506208149057599,0.7782689152650704,0.5897266238094057,0.08284331171653538,high_acuity_threshold,validation,234.865,14.862,0.0,0.0,0.0,470,0.24342844006684292,0.9933612353875018,0.39103233274391586,27716,0.7585905649388468,0.03289307540784888,0.06305216023236113,79196,0.14285714285714285,0.00023242300987797793,0.00046409096182851837,8605,0.0,0.0,0.0,589
42,42,498990bd6b0246b4842ccbc4c014d4b021de94c56ddd077c65b457d8c5a079d5,6,False,class_weight_balanced,balanced,,raw_tfidf_svd_lightgbm,0.9926559284751295,0.023404255319148935,0.002170258029096898,0.03384058468295361,0.7166312105407631,0.05833239054191651,0.2515803008641076,0.40142325267756584,0.9539956766401317,0.2495282047762833,0.22993815060663772,0.12358475910110275,0.11556583821227612,0.0766508494378253,0.020690941179617006,0.9344761273296683,0.7935574607760304,0.609543452215723,0.11306312714068367,high_acuity_threshold,validation,192.001,9.789,0.12222222222222222,0.023404255319148935,0.039285714285714285,470,0.2469875723297607,0.9902583345360081,0.3953644148978313,27716,0.7464985994397759,0.006730137885751806,0.013340007508447002,79196,0.2419035029742234,0.12760023242300988,0.16707242848447962,8605,0.00909090909090909,0.001697792869269949,0.002861230329041488,589
42,42,498990bd6b0246b4842ccbc4c014d4b021de94c56ddd077c65b457d8c5a079d5,7,False,class_weight_balanced,balanced,,raw_tfidf_word_char_linear_svm,0.991875399134322,0.0,8.578094976667581e-06,0.005987510293713972,0.7417221383475158,0.026077610589433194,0.24514652496448677,0.3931293416204967,0.9782631073291244,0.25229035135877026,0.2032110468178932,0.08697464785186554,0.1241718778411443,0.03470914761058434,0.006564603381692291,0.7696907009618914,0.7181237373214557,0.516232052578335,0.08703933971066895,high_acuity_threshold,validation,434.069,3.621,0.0,0.0,0.0,470,0.24103400501569597,0.9917737047192957,0.3878158551898306,27716,0.7588792423046566,0.02428152937017021,0.047057384069497124,79196,0.0,0.0,0.0,8605,0.0,0.0,0.0,589
42,42,498990bd6b0246b4842ccbc4c014d4b021de94c56ddd077c65b457d8c5a079d5,8,False,smote,,SMOTE,raw_tfidf_svd_catboost_smote,0.9907755623359115,0.18936170212765957,0.009461638759264342,0.03835266264068076,0.7261357397749107,0.058038239619866504,0.2511647149821021,0.4007404643687398,0.9537640680757618,0.23551159758440846,0.25810888154095757,0.12826595093148846,0.1057540079949091,0.03399499519512518,0.010454756011663124,0.9957281359887467,0.7844665806579725,0.600903685587254,0.11523645957605273,high_acuity_threshold,validation,931.968,5.578,0.048793859649122806,0.18936170212765957,0.07759372275501308,470,0.23978164261809404,0.9461321980083706,0.38259968776900743,27716,0.6761904761904762,0.0026895297742310217,0.005357749242243212,79196,0.23355774210253755,0.10482277745496804,0.144702013315152,8605,0.023083264633140973,0.04753820033955857,0.03107658157602664,589
42,42,498990bd6b0246b4842ccbc4c014d4b021de94c56ddd077c65b457d8c5a079d5,9,False,class_weight_balanced,balanced,,raw_tfidf_svd_catboost,0.9901014688143049,0.33191489361702126,0.016487098545155093,0.03936487784792753,0.740478314575899,0.05329788437606064,0.25009409782589215,0.39932175256846864,0.9571953060664288,0.22015680757617348,0.28009359398368,0.11810388482438121,0.09552386950247232,-0.007262232605710379,-0.0024186843533857694,1.1735125768769874,0.7820464191023914,0.6020447804321465,0.13260613153877626,high_acuity_threshold,validation,303.148,7.683,0.042692939244663386,0.33191489361702126,0.07565470417070805,470,0.23018196642330357,0.8963775436570933,0.36630101439018636,27716,0.0,0.0,0.0,79196,0.2266766579243162,0.07030796048808832,0.1073265921589498,8605,0.025850926324859975,0.10186757215619695,0.041237113402061855,589
42,42,498990bd6b0246b4842ccbc4c014d4b021de94c56ddd077c65b457d8c5a079d5,10,False,class_weight_balanced,balanced,,lightgbm,0.9897821613567019,0.08297872340425531,0.006613711227010706,0.06569105133132035,0.6764857260499588,0.11612173322774069,0.263129102844639,0.4157365323001267,0.9094839418062037,0.2578232226187208,0.2712334128153496,0.15666821660815355,0.1309609401467122,0.10504213436976713,0.039416280571679785,0.9795504942634817,0.8112718538923315,0.6355528574030942,0.1175769730533885,high_acuity_threshold,validation,59.8,11.638,0.06598984771573604,0.08297872340425531,0.07351555136663525,470,0.2559350487987632,0.9735892625198441,0.4053203553913285,27716,0.8509369676320273,0.012614273448153947,0.024860022396416572,79196,0.2326554328878559,0.2326554328878559,0.2326554328878559,8605,0.04139715394566624,0.05432937181663837,0.04698972099853157,589
42,42,498990bd6b0246b4842ccbc4c014d4b021de94c56ddd077c65b457d8c5a079d5,11,False,class_weight_balanced,balanced,,lightgbm_gpu,0.9893918966862981,0.04042553191489362,0.003602799890200384,0.0646702580290969,0.668430894866868,0.12565901120036202,0.2651611676333555,0.4182339002369597,0.9021582486961296,0.2668988471040351,0.2625695550078544,0.15516959464415594,0.14461991450268444,0.11846305457790623,0.04559875568735661,0.9241633575023313,0.812275613870002,0.635164071653385,0.11244960180154673,high_acuity_threshold,validation,380.822,24.833,0.07916666666666666,0.04042553191489362,0.05352112676056338,470,0.25945868674354333,0.9822846009525183,0.4104910815252627,27716,0.8284478616049976,0.021768776200818223,0.04242282564563161,79196,0.23595754091110127,0.24799535153980243,0.24182673239277014,8605,0.042704626334519574,0.02037351443123939,0.027586206896551724,589
42,42,498990bd6b0246b4842ccbc4c014d4b021de94c56ddd077c65b457d8c5a079d5,12,False,unbalanced,,,logistic_regression_unweighted,0.9893564180798978,0.0,1.7156189953335162e-05,0.006587976942080703,0.7372786851496019,0.0330240977486141,0.24600157026032798,0.3940286697328727,0.9723871122701071,0.2561333379083173,0.20401407029956883,0.0895886691199071,0.13265773131645905,0.03869131109021039,0.008251383935322876,0.766974913544188,0.720120101123541,0.5201134272712001,0.0866265395656182,high_acuity_threshold,validation,46.708,1.115,0.0,0.0,0.0,470,0.24187302063392643,0.9892480877471497,0.38870655618013367,27716,0.7583100341721032,0.030822263750694478,0.05923678941940181,79196,0.0,0.0,0.0,8605,0.0,0.0,0.0,589
42,42,498990bd6b0246b4842ccbc4c014d4b021de94c56ddd077c65b457d8c5a079d5,13,False,class_weight_balanced,balanced,,catboost_gpu,0.9879727524302845,0.30638297872340425,0.015380524293164975,0.0716013587702443,0.6917290008234971,0.11002375834370404,0.2614447198437735,0.4134731027929146,0.9136700521548174,0.23666964040625857,0.3039832087656806,0.14791802577163798,0.10990892902760936,0.06122408334652308,0.02401960488317223,1.0558129768290159,0.8087173890134745,0.6358902862759184,0.12435473576241016,high_acuity_threshold,validation,39.391,3.49,0.059283655825442566,0.30638297872340425,0.09934460158675405,470,0.24565010616527194,0.9224996391975754,0.387984734330306,27716,0.8735632183908046,0.0009596444264861862,0.0019171827504004641,79196,0.22509319964005656,0.20348634514816966,0.2137451171875,8605,0.023202911737943584,0.0865874363327674,0.03659849300322928,589
42,42,498990bd6b0246b4842ccbc4c014d4b021de94c56ddd077c65b457d8c5a079d5,14,False,smote,,SMOTE,raw_tfidf_svd_lightgbm_smote,0.9859504718654651,0.03829787234042553,0.005489980785067252,0.045952854790008234,0.693719118858084,0.0965493834144134,0.2581610092339706,0.4091819306201779,0.9233976118583584,0.26032802635190777,0.2396353230893455,0.13516200223287236,0.1432400329008277,0.08138895531240588,0.028976838807977523,0.9305511011739563,0.785911498381523,0.5943805143012478,0.11097859603088363,high_acuity_threshold,validation,787.488,12.499,0.028616852146263912,0.03829787234042553,0.03275705186533212,470,0.2521001336236299,0.973408861307548,0.40048095121462446,27716,0.7486706841545552,0.026668013536037174,0.05150151797798017,79196,0.22144144144144143,0.14282393957001743,0.17364888731896858,8605,0.017889087656529516,0.01697792869269949,0.017421602787456445,589
42,42,498990bd6b0246b4842ccbc4c014d4b021de94c56ddd077c65b457d8c5a079d5,15,False,balanced_sample_weight,balanced_sample_weight,,xgboost,0.985524728588661,0.04042553191489362,0.0043919846280538015,0.0690107740872907,0.6557867828712599,0.14417920579251048,0.2685836943069307,0.4221259782691285,0.887180894866868,0.27520244304144936,0.2677756026138918,0.16237800164568517,0.161296988521871,0.1258653014842094,0.051948339569315216,0.9136576998274101,0.8092199373118434,0.6293297379975165,0.11088855614455609,high_acuity_threshold,validation,80.649,2.94,0.08225108225108226,0.04042553191489362,0.05420827389443652,470,0.26290542963185487,0.9788569779188916,0.41448639894888817,27716,0.8222290451335585,0.03381483913328956,0.06495821862151771,79196,0.2353682883261532,0.26031377106333525,0.2472133318618254,8605,0.03968253968253968,0.025466893039049237,0.031023784901758014,589
42,42,498990bd6b0246b4842ccbc4c014d4b021de94c56ddd077c65b457d8c5a079d5,16,False,balanced_sample_weight,balanced_sample_weight,,raw_tfidf_svd_xgboost,0.9826509614702335,0.010638297872340425,0.0018786027998902003,0.03678287125995059,0.6872855476255834,0.10531734359090394,0.2593886381089738,0.4104353753593551,0.9159518254186111,0.2759315811144661,0.23398444827749057,0.13645444282962343,0.17059604287077662,0.09410489127576392,0.03444506161802663,0.8673393078593015,0.7865143079612235,0.5968533123790454,0.1022146155766592,high_acuity_threshold,validation,235.213,4.495,0.1282051282051282,0.010638297872340425,0.019646365422396856,470,0.254892775836386,0.9816351565882523,0.4047004574021048,27716,0.7614896988906498,0.048537804939643416,0.09125872465694887,79196,0.2350327903532896,0.12911098198721674,0.16666666666666666,8605,0.0,0.0,0.0,589
42,42,498990bd6b0246b4842ccbc4c014d4b021de94c56ddd077c65b457d8c5a079d5,17,False,balanced_sample_weight,balanced_sample_weight,,xgboost_gpu,0.9799900659902079,0.02553191489361702,0.003139582761460335,0.0638210266264068,0.6447038841614054,0.16237130897160312,0.2717096203029707,0.42545785006854275,0.8720491353280263,0.29147508921218773,0.2628960153028869,0.16548821167168817,0.19442212702440595,0.1324584733797346,0.05864500989450161,0.88574797445821,0.8039257027808588,0.6205885942264775,0.10615024570241838,high_acuity_threshold,validation,57.178,1.329,0.09523809523809523,0.02553191489361702,0.040268456375838924,470,0.2664427679398034,0.976078799249531,0.41861508704061895,27716,0.8118379014629225,0.060962674882569824,0.1134092056892522,79196,0.23537399569989814,0.24171993027309704,0.23850475862859763,8605,0.045454545454545456,0.010186757215619695,0.016643550624133148,589
42,42,498990bd6b0246b4842ccbc4c014d4b021de94c56ddd077c65b457d8c5a079d5,18,False,class_weight_balanced,balanced,,logistic_regression,0.9764422053501739,0.6,0.04887798517705188,0.05955771342300302,0.7910633406533077,0.07020024889693405,0.25086822171784845,0.3991790736295533,0.9410770656052704,0.14937894592368928,0.276719567803107,0.06911437368541935,0.06842775751994817,-0.09193244643454389,-0.0466990628006807,1.4877741613518183,0.7195248135382284,0.5142441458496445,0.1595000023169452,high_acuity_threshold,validation,38.875,1.088,0.015372873964238988,0.6,0.02997767619857553,470,0.18630080010507535,0.6141218068985423,0.28587744270610266,27716,0.0,0.0,0.0,79196,0.10434782608695652,0.0013945380592678676,0.0027522935779816515,8605,0.014657980456026058,0.16808149405772496,0.026964455944436878,589
42,42,498990bd6b0246b4842ccbc4c014d4b021de94c56ddd077c65b457d8c5a079d5,19,False,smote,,TemporalConsistentSMOTENC,structured_logistic_smote,0.975626197402966,0.574468085106383,0.04428012626955806,0.055465962119132586,0.790900356848751,0.0648376513180224,0.2496323462662721,0.39754524952292836,0.9449457864397475,0.1536336810321164,0.27158164384535555,0.0716322432031725,0.071836128041767,-0.07437607192232877,-0.0383690561606882,1.4540972188799872,0.7122637031089848,0.5024499115471108,0.1556393218210264,high_acuity_threshold,validation,705.896,1.116,0.01341215041478317,0.574468085106383,0.02621231979030144,470,0.19435280526953025,0.6312960023091355,0.2972066279948702,27716,0.9090909090909091,0.000252538006970049,0.0005049357469262036,79196,0.10557184750733138,0.004183614177803602,0.008048289738430584,8605,0.014368290668868704,0.14770797962648557,0.026189042745334137,589
42,42,498990bd6b0246b4842ccbc4c014d4b021de94c56ddd077c65b457d8c5a079d5,20,False,class_weight_balanced,balanced,,raw_tfidf_word_char_logistic,0.9751649755197616,0.6127659574468085,0.04838045566840516,0.05892293439472962,0.7932164424924513,0.06900101821473018,0.250380316459732,0.3984546581329777,0.9416775322536372,0.1478606231128191,0.27697122109487043,0.06860906591243422,0.06793511614143911,-0.0932468424122596,-0.04758390949160396,1.4883172075391398,0.7181862473425864,0.5151307156156157,0.15928223938342603,high_acuity_threshold,validation,438.522,2.356,0.015322409023196424,0.6127659574468085,0.02989722827779508,470,0.1850935909695431,0.6075912830134218,0.28374769370750735,27716,0.0,0.0,0.0,79196,0.10743801652892562,0.0015107495642068564,0.002979601191840477,8605,0.014375561545372867,0.16298811544991512,0.02642080638502821,589
42,42,498990bd6b0246b4842ccbc4c014d4b021de94c56ddd077c65b457d8c5a079d5,21,False,smote,,SMOTE,raw_tfidf_svd_xgboost_smote,0.9748456680621586,0.029787234042553193,0.003791517979687071,0.047479755695855066,0.6671956491902278,0.13625975789116415,0.26465234100343854,0.41628979842283476,0.8906035547625584,0.2853245951139171,0.24454552631708742,0.15163805562062735,0.19121570408236732,0.09993153580285861,0.0418889938318151,1.0596492532425823,0.7705157776963104,0.5600153746644939,0.1239102967537101,high_acuity_threshold,validation,770.781,5.967,0.05166051660516605,0.029787234042553193,0.037786774628879895,470,0.2594928152039555,0.9695121951219512,0.40940670993692296,27716,0.755941770647653,0.06425829587352896,0.11844800297923844,79196,0.22315056570931244,0.14898314933178386,0.17867595818815332,8605,0.021739130434782608,0.010186757215619695,0.013872832369942197,589
42,42,498990bd6b0246b4842ccbc4c014d4b021de94c56ddd077c65b457d8c5a079d5,22,False,smote,,TemporalConsistentSMOTENC,structured_xgboost_smote,0.9674661179308877,0.1127659574468085,0.0016898847104035136,0.02057027175404886,0.6295034998627504,0.21862201606516574,0.28306430684590234,0.4379823483589113,0.8263707795772715,0.34992622838320064,0.25892266261589053,0.1763299798809031,0.3058902601244482,0.12026988992554737,0.06626046485297166,0.744825982272177,0.8023943868838831,0.6173050663156232,0.08441907097714034,high_acuity_threshold,validation,830.57,3.313,0.04229848363926576,0.1127659574468085,0.061520603598374926,470,0.27343766433183986,0.9380502236975032,0.42344337855665404,27716,0.7664795509222133,0.18103187029647963,0.29288771309792544,79196,0.3030769230769231,0.04578733294596165,0.0795557799091368,8605,0.0423728813559322,0.01697792869269949,0.024242424242424242,589
42,42,498990bd6b0246b4842ccbc4c014d4b021de94c56ddd077c65b457d8c5a079d5,23,False,class_weight_balanced,balanced,,raw_tfidf_word_char_sgd_logistic,0.9137160292343717,0.2574468085106383,0.15333344770793303,0.18110931924238266,0.6135653993961021,0.21049892521778482,0.26956812995875984,0.41631373056157245,0.8195340378808674,0.20532528136151523,0.31073625936883653,0.1008186936129802,0.09302719249138697,0.03544003976259405,0.017273381366993967,1.2751480491479883,0.7145134248614213,0.5155503060156599,0.15088261272556064,high_acuity_threshold,validation,375.172,3.277,0.055,0.2574468085106383,0.09063670411985018,470,0.252308813130772,0.8496897099148506,0.3890825581971682,27716,1.0,2.5253800697004898e-05,5.050632591732115e-05,79196,0.0,0.0,0.0,8605,0.01250237687773341,0.4465195246179966,0.024323699421965318,589
